date,highest_temp,lowest_temp,weather
2021-01-01,4,-1,晴
2021-01-02,7,1,晴
2021-01-03,10,6,阴
2021-01-04,13,7,阴
2021-01-05,8,2,多云
2021-01-06,5,-4,阴
2021-01-07,-3,-6,阴
2021-01-08,0,-6,晴
2021-01-09,3,-1,多云
2021-01-10,5,-1,多云
2021-01-11,6,-1,多云
2021-01-12,8,1,晴
2021-01-13,14,4,晴
2021-01-14,16,6,晴
2021-01-15,11,-2,晴
2021-01-16,7,0,阴
2021-01-17,5,-1,晴
2021-01-18,10,3,晴
2021-01-19,11,6,晴
2021-01-20,13,11,阴
2021-01-21,17,9,阴
2021-01-22,11,7,阴
2021-01-23,8,4,阴
2021-01-24,10,7,阴
2021-01-25,15,9,小雨
2021-01-26,10,6,多云
2021-01-27,10,4,多云
2021-01-28,10,0,晴
2021-01-29,8,3,晴
2021-01-30,13,8,阴
2021-01-31,14,8,小雨
2021-02-01,11,5,多云
2021-02-02,10,4,晴
2021-02-03,13,6,晴
2021-02-04,12,7,晴
2021-02-05,17,3,晴
2021-02-06,16,7,晴
2021-02-07,19,5,阴
2021-02-08,9,4,阴
2021-02-09,11,5,阴
2021-02-10,12,9,阴
2021-02-11,10,8,阴
2021-02-12,13,9,多云
2021-02-13,17,9,阴
2021-02-14,20,3,多云
2021-02-15,11,4,阴
2021-02-16,12,2,多云
2021-02-17,7,1,晴
2021-02-18,8,2,晴
2021-02-19,17,9,晴
2021-02-20,23,11,晴
2021-02-21,24,10,晴
2021-02-22,26,7,晴
2021-02-23,13,7,晴
2021-02-24,15,10,晴
2021-02-25,16,8,小雨到中雨
2021-02-26,11,8,阴
2021-02-27,12,10,阴
2021-02-28,14,11,阴
2021-03-01,13,5,小雨到中雨
2021-03-02,10,5,阴
2021-03-03,11,9,小雨
2021-03-04,13,6,晴
2021-03-05,12,8,阴
2021-03-06,11,7,阴
2021-03-07,9,8,阴
2021-03-08,12,8,阴
2021-03-09,10,7,多云
2021-03-10,17,9,阴
2021-03-11,12,9,阴
2021-03-12,12,7,阴
2021-03-13,16,8,晴
2021-03-14,18,11,多云
2021-03-15,24,12,小雨
2021-03-16,13,9,阴
2021-03-17,12,9,阴
2021-03-18,15,10,阴
2021-03-19,13,11,阴
2021-03-20,14,7,霾
2021-03-21,14,5,多云
2021-03-22,15,7,晴
2021-03-23,17,11,阴
2021-03-24,19,10,晴
2021-03-25,22,12,多云
2021-03-26,21,15,阴
2021-03-27,21,15,多云
2021-03-28,25,12,晴
2021-03-29,25,14,阴
2021-03-30,19,14,霾
2021-03-31,15,13,小雨
2021-04-01,17,15,阴
2021-04-02,20,15,阴
2021-04-03,18,11,阴
2021-04-04,17,9,晴
2021-04-05,19,11,阴
2021-04-06,20,12,阴
2021-04-07,17,11,小雨
2021-04-08,19,10,晴
2021-04-09,19,10,晴
2021-04-10,20,14,阴
2021-04-11,16,15,小雨
2021-04-12,17,15,阴
2021-04-13,20,12,多云
2021-04-14,15,11,多云
2021-04-15,16,12,晴
2021-04-16,24,12,多云
2021-04-17,20,10,多云
2021-04-18,20,12,阴
2021-04-19,22,14,晴
2021-04-20,22,15,多云
2021-04-21,24,17,多云
2021-04-22,23,18,多云
2021-04-23,22,18,多云
2021-04-24,21,17,多云
2021-04-25,24,16,多云
2021-04-26,24,17,阴
2021-04-27,18,16,阴
2021-04-28,23,17,阴
2021-04-29,24,18,晴
2021-04-30,30,17,阴
2021-05-01,26,16,晴
2021-05-02,23,16,多云
2021-05-03,24,18,阴
2021-05-04,22,16,阴
2021-05-05,27,16,多云
2021-05-06,25,20,小雨
2021-05-07,29,18,多云
2021-05-08,29,20,晴
2021-05-09,30,17,晴
2021-05-10,34,22,多云
2021-05-11,25,22,阴到小雨
2021-05-12,23,20,阴
2021-05-13,24,20,阴
2021-05-14,28,22,小雨
2021-05-15,34,24,多云
2021-05-16,29,16,阴转小雨
2021-05-17,24,16,阴
2021-05-18,22,17,阴
2021-05-19,25,15,多云
2021-05-20,23,18,阴
2021-05-21,25,19,阴
2021-05-22,26,18,晴
2021-05-23,20,17,阴
2021-05-24,28,21,多云
2021-05-25,31,19,阴
2021-05-26,21,19,中雨
2021-05-27,28,20,阴
2021-05-28,28,19,阴
2021-05-29,29,20,多云
2021-05-30,31,21,多云
2021-05-31,29,21,多云
2021-06-01,29,22,小雨转阴
2021-06-02,22,20,小雨
2021-06-03,27,19,小雨
2021-06-04,26,20,阴
2021-06-05,31,21,多云
2021-06-06,33,22,晴
2021-06-07,32,22,多云
2021-06-08,29,22,阴
2021-06-09,28,23,阴
2021-06-10,27,22,多云
2021-06-11,30,24,阴
2021-06-12,29,22,多云
2021-06-13,27,22,阴
2021-06-14,27,24,阴
2021-06-15,33,24,多云
2021-06-16,26,23,晴
2021-06-17,25,24,阴
2021-06-18,28,21,小雨
2021-06-19,20,19,多云
2021-06-20,25,19,多云
2021-06-21,31,22,多云
2021-06-22,32,23,晴
2021-06-23,33,22,晴
2021-06-24,32,23,阴
2021-06-25,31,23,阴
2021-06-26,27,23,小雨
2021-06-27,26,24,多云
2021-06-28,28,23,晴
2021-06-29,30,24,阴
2021-06-30,29,24,阴
2021-07-01,31,24,多云
2021-07-02,27,21,阴
2021-07-03,32,25,小雨
2021-07-04,26,25,阴
2021-07-05,35,25,小雨
2021-07-06,35,27,多云
2021-07-07,36,27,阴
2021-07-08,34,25,小雨到大雨
2021-07-09,38,26,多云
2021-07-10,32,26,小雨
2021-07-11,36,28,阴
2021-07-12,36,27,阴
2021-07-13,35,27,阴
2021-07-14,37,27,阴
2021-07-15,35,28,阴
2021-07-16,34,27,阴
2021-07-17,33,27,晴
2021-07-18,33,25,晴
2021-07-19,33,26,晴
2021-07-20,33,27,多云
2021-07-21,32,27,多云
2021-07-22,29,27,晴转小雨
2021-07-23,34,24,阴
2021-07-24,28,25,小雨到中雨
2021-07-25,26,25,小雨到中雨
2021-07-26,32,23,晴
2021-07-27,27,26,小雨到中雨
2021-07-28,31,27,阴
2021-07-29,33,27,多云
2021-07-30,35,26,多云
2021-07-31,31,26,多云
2021-08-01,32,26,多云
2021-08-02,32,26,多云
2021-08-03,31,26,多云
2021-08-04,31,26,多云
2021-08-05,31,26,多云
2021-08-06,33,27,多云
2021-08-07,32,25,多云
2021-08-08,29,23,小雨
2021-08-09,34,26,多云
2021-08-10,33,26,多云
2021-08-11,30,25,小雨到中雨
2021-08-12,31,25,多云
2021-08-13,29,24,多云
2021-08-14,24,24,多云
2021-08-15,26,23,多云
2021-08-16,28,24,小雨到中雨
2021-08-17,30,24,晴
2021-08-18,31,23,多云
2021-08-19,31,25,阴
2021-08-20,32,27,多云
2021-08-21,32,26,多云
2021-08-22,32,26,多云
2021-08-23,33,28,多云
2021-08-24,32,25,多云
2021-08-25,33,24,多云
2021-08-26,34,27,小雨
2021-08-27,33,25,晴
2021-08-28,34,26,多云
2021-08-29,35,26,多云
2021-08-30,33,28,多云
2021-08-31,34,26,多云
2021-09-01,36,26,多云
2021-09-02,32,26,阴
2021-09-03,30,25,晴
2021-09-04,31,25,多云
2021-09-05,33,27,多云
2021-09-06,32,25,多云
2021-09-07,29,24,晴
2021-09-08,28,24,多云
2021-09-09,30,24,多云
2021-09-10,32,20,多云
2021-09-11,26,20,多云
2021-09-12,28,24,多云
2021-09-13,29,21,晴
2021-09-14,25,23,多云
2021-09-15,26,23,多云
2021-09-16,28,21,多云
2021-09-17,29,20,晴
2021-09-18,29,20,晴
2021-09-19,18,16,阴
2021-09-20,33,22,阴到小雨
2021-09-21,31,23,晴
2021-09-22,34,21,晴
2021-09-23,35,22,晴
2021-09-24,31,22,晴
2021-09-25,30,23,多云
2021-09-26,31,24,晴
2021-09-27,32,24,晴
2021-09-28,32,25,晴
2021-09-29,34,22,多云
2021-09-30,29,19,晴
2021-10-01,31,22,晴
2021-10-02,27,20,阴
2021-10-03,30,24,晴
2021-10-04,31,24,晴
2021-10-05,31,24,晴
2021-10-06,30,24,多云
2021-10-07,27,23,多云
2021-10-08,16,12,阴
2021-10-09,29,24,晴
2021-10-10,31,22,多云
2021-10-11,22,20,多云
2021-10-12,24,22,多云
2021-10-13,27,24,多云
2021-10-14,18,15,多云
2021-10-15,29,18,阴
2021-10-16,19,14,风
2021-10-17,17,14,多云
2021-10-18,19,14,多云
2021-10-19,19,14,阴
2021-10-20,15,12,大雨
2021-10-21,16,12,多云
2021-10-22,18,11,晴
2021-10-23,20,15,多云
2021-10-24,22,13,晴
2021-10-25,20,14,多云
2021-10-26,22,13,多云
2021-10-27,21,15,晴
2021-10-28,22,13,晴
2021-10-29,21,15,多云
2021-10-30,23,13,晴
2021-10-31,22,15,多云
2021-11-01,22,16,阴~多云
2021-11-02,21,13,多云
2021-11-03,21,15,阴~多云
2021-11-04,21,17,多云~中雨
2021-11-05,19,18,中雨~小雨
2021-11-06,20,16,小雨~阴
2021-11-07,22,5,小雨
2021-11-08,9,4,晴~多云
2021-11-09,12,7,多云~晴
2021-11-10,15,8,晴
2021-11-11,16,8,晴~阴
2021-11-12,16,9,晴~阴
2021-11-13,19,11,多云~晴
2021-11-14,19,10,晴
2021-11-15,19,12,晴~阴
2021-11-16,19,12,多云~晴
2021-11-17,18,13,多云
2021-11-18,19,12,多云~晴
2021-11-19,20,14,多云
2021-11-20,20,13,多云~小雨
2021-11-21,18,5,多云~小雨
2021-11-22,10,2,多云~晴
2021-11-23,9,3,阴~晴
2021-11-24,14,8,晴
2021-11-25,17,8,晴~多云
2021-11-26,17,10,晴
2021-11-27,16,12,晴~多云
2021-11-28,18,14,多云~小雨
2021-11-29,18,9,小雨
2021-11-30,12,4,多云~晴
2021-12-01,9,3,多云
2021-12-02,11,3,晴
2021-12-03,15,1,晴
2021-12-04,14,5,多云
2021-12-05,15,9,多云
2021-12-06,15,3,多云
2021-12-07,9,1,多云
2021-12-08,15,11,多云
2021-12-09,12,1,晴
2021-12-10,16,6,晴
2021-12-11,16,10,多云
2021-12-12,11,5,多云
2021-12-13,10,5,晴
2021-12-14,13,4,晴
2021-12-15,14,12,小雨
2021-12-16,12,6,小雨
2021-12-17,3,-2,多云
2021-12-18,7,1,晴
2021-12-19,9,4,多云
2021-12-20,14,7,晴
2021-12-21,15,7,晴
2021-12-22,15,5,晴
2021-12-23,15,10,晴
2021-12-24,14,2,多云
2021-12-25,4,-1,多云
2021-12-26,2,-2,晴
2021-12-27,3,-1,多云
2021-12-28,6,1,多云
2021-12-29,10,1,晴
2021-12-30,9,0,晴
2021-12-31,9,4,晴
2022-01-01,0,-9,多云
2022-01-02,8,-4,多云
2022-01-03,13,6,晴
2022-01-04,13,9,多云
2022-01-05,11,6,多云
2022-01-06,8,5,多云
2022-01-07,11,3,多云
2022-01-08,8,5,多云
2022-01-09,7,3,多云
2022-01-10,8,2,阴
2022-01-11,6,1,晴
2022-01-12,7,0,晴
2022-01-13,6,-2,晴
2022-01-14,7,4,阴
2022-01-15,11,2,多云
2022-01-16,10,6,多云
2022-01-17,11,6,多云
2022-01-18,11,4,晴
2022-01-19,8,4,多云
2022-01-20,8,3,多云
2022-01-21,10,6,多云
2022-01-22,-1,-2,阴
2022-01-23,8,6,多云
2022-01-24,9,5,多云
2022-01-25,7,5,小雨
2022-01-26,7,5,小雨
2022-01-27,6,4,多云
2022-01-28,5,3,小雪
2022-01-29,6,3,小雪
2022-01-30,9,0,晴
2022-01-31,8,2,多云
2022-02-01,8,3,多云
2022-02-02,6,2,多云
2022-02-03,6,2,阴
2022-02-04,8,1,晴
2022-02-05,7,0,晴
2022-02-06,6,3,多云
2022-02-07,4,3,中雨
2022-02-08,7,3,多云
2022-02-09,7,3,小雨
2022-02-10,9,4,多云
2022-02-11,8,5,小雨
2022-02-12,9,6,多云
2022-02-13,7,3,小雨
2022-02-14,11,4,多云
2022-02-15,7,3,多云
2022-02-16,8,3,多云
2022-02-17,5,3,多云
2022-02-18,7,3,小雨
2022-02-19,6,0,多云
2022-02-20,4,0,多云
2022-02-21,9,2,多云
2022-02-22,8,3,阴
2022-02-23,8,1,阴
2022-02-24,9,2,多云
2022-02-25,12,5,多云
2022-02-26,17,6,多云
2022-02-27,15,8,多云
2022-02-28,21,11,阴
2022-03-01,16,7,阴
2022-03-02,18,8,多云
2022-03-03,17,11,多云
2022-03-04,13,8,晴
2022-03-05,14,5,多云
2022-03-06,13,6,阴
2022-03-07,19,7,晴
2022-03-08,22,12,晴
2022-03-09,20,11,晴
2022-03-10,24,14,多云
2022-03-11,25,13,晴
2022-03-12,25,16,多云
2022-03-13,14,4,多云
2022-03-14,29,13,多云
2022-03-15,22,12,晴
2022-03-16,27,16,多云
2022-03-17,17,9,多云
2022-03-18,10,7,阴
2022-03-19,13,7,多云
2022-03-20,9,7,小雨到中雨
2022-03-21,10,7,小雨到大雨
2022-03-22,11,7,多云
2022-03-23,9,-2,多云
2022-03-24,18,10,多云
2022-03-25,18,12,多云
2022-03-26,17,10,多云
2022-03-27,18,8,多云
2022-03-28,13,7,晴
2022-03-29,19,11,多云
2022-03-30,23,11,多云
2022-03-31,13,8,多云
2022-04-01,9,-2,晴
2022-04-02,15,8,多云
2022-04-03,17,8,晴
2022-04-04,19,9,多云
2022-04-05,14,11,多云
2022-04-06,23,10,多云
2022-04-07,26,13,多云
2022-04-08,22,14,多云
2022-04-09,27,14,多云
2022-04-10,27,15,多云
2022-04-11,32,17,多云
2022-04-12,30,17,多云
2022-04-13,15,13,小雨到中雨
2022-04-14,16,13,多云
2022-04-15,17,12,多云
2022-04-16,14,9,多云
2022-04-17,20,13,多云
2022-04-18,19,13,多云
2022-04-19,23,13,晴
2022-04-20,25,14,多云
2022-04-21,25,17,晴
2022-04-22,27,19,阴
2022-04-23,20,16,多云
2022-04-24,24,17,多云
2022-04-25,27,20,多云
2022-04-26,30,15,多云
2022-04-27,21,15,多云
2022-04-28,20,13,小雨到中雨
2022-04-29,19,11,多云
2022-04-30,16,12,多云
2022-05-01,20,13,多云
2022-05-02,27,13,晴
2022-05-03,27,16,多云
2022-05-04,27,15,晴
2022-05-05,26,17,晴
2022-05-06,29,16,多云
2022-05-07,27,17,多云
2022-05-08,22,13,晴
2022-05-09,22,17,多云
2022-05-10,21,17,多云
2022-05-11,23,18,多云
2022-05-12,20,16,小雨
2022-05-13,21,13,多云
2022-05-14,22,15,多云
2022-05-15,23,14,阴
2022-05-16,26,17,多云
2022-05-17,28,17,多云
2022-05-18,28,17,多云
2022-05-19,23,19,小雨
2022-05-20,23,18,多云
2022-05-21,25,16,多云
2022-05-22,31,18,晴
2022-05-23,26,20,多云
2022-05-24,22,17,多云
2022-05-25,25,19,多云
2022-05-26,24,19,多云
2022-05-27,28,21,多云
2022-05-28,24,19,多云
2022-05-29,25,20,多云
2022-05-30,30,19,多云
2022-05-31,29,20,多云
2022-06-01,34,20,晴
2022-06-02,29,21,晴
2022-06-03,27,21,多云
2022-06-04,28,22,小雨到中雨
2022-06-05,25,20,多云
2022-06-06,30,21,多云
2022-06-07,27,16,晴
2022-06-08,28,20,多云
2022-06-09,29,22,多云
2022-06-10,26,21,小雨
2022-06-11,27,20,多云
2022-06-12,23,20,小雨
2022-06-13,23,19,多云
2022-06-14,29,22,晴
2022-06-15,33,24,多云
2022-06-16,34,21,多云
2022-06-17,34,22,多云
2022-06-18,32,24,多云
2022-06-19,31,25,多云
2022-06-20,30,23,晴
2022-06-21,32,25,多云
2022-06-22,34,26,晴
2022-06-23,35,27,多云
2022-06-24,29,25,多云
2022-06-25,39,27,多云
2022-06-26,35,27,阴
2022-06-27,35,27,多云
2022-06-28,35,25,多云
2022-06-29,35,26,多云
2022-06-30,33,26,阴到中雨
2022-07-01,32,25,晴
2022-07-02,32,24,多云
2022-07-03,31,25,多云
2022-07-04,33,26,多云
2022-07-05,31,24,小雨到中雨
2022-07-06,37,28,多云
2022-07-07,36,29,多云
2022-07-08,37,28,多云
2022-07-09,37,28,多云
2022-07-10,30,23,多云
2022-07-11,35,27,多云
2022-07-12,28,21,阴
2022-07-13,39,29,多云
2022-07-14,40,29,多云
2022-07-15,38,27,多云
2022-07-16,34,25,多云
2022-07-17,37,26,多云
2022-07-18,34,27,多云
2022-07-19,33,27,多云
2022-07-20,36,28,多云
2022-07-21,34,26,多云
2022-07-22,34,28,阴
2022-07-23,38,26,小雨
2022-07-24,33,26,多云
2022-07-25,34,27,小雨到中雨
2022-07-26,36,26,多云
2022-07-27,36,28,多云
2022-07-28,36,27,晴
2022-07-29,34,27,多云
2022-07-30,31,26,多云
2022-07-31,35,26,多云
2022-08-01,36,28,多云
2022-08-02,36,29,阴
2022-08-03,36,28,多云
2022-08-04,37,30,晴
2022-08-05,40,29,晴
2022-08-06,36,29,多云
2022-08-07,38,29,多云
2022-08-08,38,29,晴
2022-08-09,38,29,多云
2022-08-10,40,29,阴
2022-08-11,40,29,多云
2022-08-12,39,29,小雨
2022-08-13,39,29,多云
2022-08-14,39,29,多云
2022-08-15,39,29,多云
2022-08-16,39,26,阴
2022-08-17,35,28,阴
2022-08-18,36,29,阴
2022-08-19,40,30,多云
2022-08-20,38,28,阴
2022-08-21,32,28,多云
2022-08-22,39,30,多云
2022-08-23,39,28,大雨
2022-08-24,30,28,阴
2022-08-25,34,26,多云
2022-08-26,29,25,多云
2022-08-27,27,24,小雨
2022-08-28,29,25,多云
2022-08-29,33,27,阴
2022-08-30,33,25,阴
2022-08-31,26,23,小雨
2022-09-01,29,24,多云
2022-09-02,28,24,多云
2022-09-03,30,25,小雨
2022-09-04,32,26,小雨
2022-09-05,24,20,中雨
2022-09-06,30,23,多云
2022-09-07,33,24,阴
2022-09-08,31,23,阴
2022-09-09,30,22,多云
2022-09-10,30,22,多云
2022-09-11,29,24,多云
2022-09-12,27,22,小雨
2022-09-13,25,23,多云
2022-09-14,25,23,多云
2022-09-15,26,22,多云
2022-09-16,29,23,阴
2022-09-17,30,23,多云
2022-09-18,27,22,多云
2022-09-19,28,20,晴
2022-09-20,26,21,多云
2022-09-21,24,20,多云
2022-09-22,28,21,多云
2022-09-23,28,18,多云
2022-09-24,25,20,多云
2022-09-25,26,20,阴
2022-09-26,25,21,多云
2022-09-27,27,20,多云
2022-09-28,24,20,小雨
2022-09-29,26,22,多云
2022-09-30,25,23,阴
2022-10-01,31,25,阴
2022-10-02,32,25,晴
2022-10-03,36,22,阴
2022-10-04,24,18,小雨
2022-10-05,20,16,阴
2022-10-06,18,15,小雨
2022-10-07,18,16,小雨
2022-10-08,19,15,多云
2022-10-09,21,12,阴
2022-10-10,18,11,阴
2022-10-11,19,15,阴
2022-10-12,20,16,阴
2022-10-13,22,18,阴
2022-10-14,22,16,多云
2022-10-15,23,17,阴
2022-10-16,22,16,多云
2022-10-17,21,12,多云
2022-10-18,19,13,晴
2022-10-19,20,14,阴
2022-10-20,22,15,多云
2022-10-21,25,18,多云
2022-10-22,25,16,多云
2022-10-23,21,14,晴
2022-10-24,22,14,多云
2022-10-25,20,15,多云
2022-10-26,20,16,多云
2022-10-27,20,16,多云
2022-10-28,19,15,多云
2022-10-29,21,16,多云
2022-10-30,22,17,多云
2022-10-31,22,15,多云
2022-11-01,21,15,多云
2022-11-02,21,13,晴
2022-11-03,19,13,晴
2022-11-04,18,11,多云
2022-11-05,18,12,多云
2022-11-06,19,13,多云
2022-11-07,22,14,晴
2022-11-08,22,16,晴
2022-11-09,22,16,多云
2022-11-10,26,19,多云
2022-11-11,21,20,小雨
2022-11-12,26,14,多云
2022-11-13,15,11,多云
2022-11-14,13,9,多云
2022-11-15,16,10,多云
2022-11-16,18,14,多云
2022-11-17,17,14,小雨
2022-11-18,20,16,多云
2022-11-19,20,16,小雨
2022-11-20,19,14,多云
2022-11-21,21,16,多云
2022-11-22,18,14,多云
2022-11-23,18,13,多云
2022-11-24,18,14,多云
2022-11-25,20,14,多云
2022-11-26,20,15,多云
2022-11-27,20,17,多云
2022-11-28,22,12,中雨
2022-11-29,15,4,中雨
2022-11-30,4,3,小雨
2022-12-01,5,3,多云
2022-12-02,8,7,多云
2022-12-03,10,8,小雨
2022-12-04,10,7,小雨
2022-12-05,10,5,多云
2022-12-06,12,7,多云
2022-12-07,13,10,多云
2022-12-08,16,11,多云
2022-12-09,13,11,小雨
2022-12-10,12,7,多云
2022-12-11,10,6,多云
2022-12-12,9,3,多云
2022-12-13,11,3,晴
2022-12-14,7,1,晴
2022-12-15,12,5,晴
2022-12-16,11,0,阴
2022-12-17,4,-3,多云
2022-12-18,4,0,晴
2022-12-19,9,2,晴
2022-12-20,12,5,多云
2022-12-21,11,2,阴
2022-12-22,6,-1,晴
2022-12-23,4,-1,晴
2022-12-24,5,0,晴
2022-12-25,6,1,多云
2022-12-26,7,2,多云
2022-12-27,9,4,多云
2022-12-28,7,5,多云
2022-12-29,6,4,多云
2022-12-30,7,3,多云
2022-12-31,10,0,阴
2023-01-01,8,5,多云
2023-01-02,9,4,阴
2023-01-03,10,3,多云
2023-01-04,11,5,多云
2023-01-05,12,7,多云
2023-01-06,14,6,多云
2023-01-07,15,6,晴
2023-01-08,16,7,晴
2023-01-09,16,7,晴
2023-01-10,12,6,晴
2023-01-11,15,11,晴
2023-01-12,19,13,阴
2023-01-13,17,9,中雨
2023-01-14,11,1,小雨
2023-01-15,0,-1,阴
2023-01-16,3,0,阴
2023-01-17,6,0,阴
2023-01-18,8,1,晴
2023-01-19,10,3,晴
2023-01-20,10,2,晴
2023-01-21,10,7,多云
2023-01-22,9,6,小雨
2023-01-23,8,-1,小雨
2023-01-24,0,-4,晴
2023-01-25,2,-1,多云
2023-01-26,8,0,晴
2023-01-27,4,-2,多云
2023-01-28,6,0,晴
2023-01-29,10,0,晴
2023-01-30,13,5,晴
2023-01-31,17,5,多云
2023-02-01,13,3,晴
2023-02-02,6,4,多云
2023-02-03,8,2,多云
2023-02-04,9,5,多云
2023-02-05,10,8,多云
2023-02-06,10,7,小雨
2023-02-07,12,6,多云
2023-02-08,10,7,多云
2023-02-09,9,6,中雨
2023-02-10,8,6,多云
2023-02-11,10,8,小雨
2023-02-12,14,6,小雨
2023-02-13,7,3,小雨
2023-02-14,7,2,多云
2023-02-15,9,2,晴
2023-02-16,11,6,晴
2023-02-17,11,10,多云
2023-02-18,21,8,多云
2023-02-19,11,3,多云
2023-02-20,12,4,晴
2023-02-21,7,4,多云
2023-02-22,8,5,多云
2023-02-23,7,4,多云
2023-02-24,10,4,多云
2023-02-25,9,2,晴
2023-02-26,10,3,晴
2023-02-27,12,7,多云
2023-02-28,18,9,晴
2023-03-01,16,6,多云
2023-03-02,13,4,多云~晴
2023-03-03,13,6,多云
2023-03-04,18,7,晴
2023-03-05,18,9,晴
2023-03-06,23,10,晴~多云
2023-03-07,23,12,多云
2023-03-08,24,14,多云
2023-03-09,25,13,多云~晴
2023-03-10,27,13,晴~多云
2023-03-11,22,10,多云~小雨
2023-03-12,12,5,小雨~多云
2023-03-13,14,7,多云~晴
2023-03-14,20,11,晴
2023-03-15,23,9,多云
2023-03-16,15,8,多云~小雨
2023-03-17,9,7,大雨~多云
2023-03-18,11,7,多云
2023-03-19,13,10,多云~小雨
2023-03-20,14,12,多云~中雨
2023-03-21,15,13,小雨
2023-03-22,17,11,小雨
2023-03-23,13,9,小雨
2023-03-24,11,7,小雨~阴
2023-03-25,10,7,多云~阴
2023-03-26,16,7,多云~晴
2023-03-27,18,7,多云~晴
2023-03-28,20,10,多云
2023-03-29,16,11,多云~小雨
2023-03-30,14,11,小雨~阴
2023-03-31,18,11,多云~阴
2023-04-01,21,10,多云~晴
2023-04-02,23,12,晴
2023-04-03,21,15,多云~小雨
2023-04-04,20,13,多云~小雨
2023-04-05,17,10,多云
2023-04-06,13,10,小雨~多云
2023-04-07,17,8,多云
2023-04-08,19,10,晴
2023-04-09,20,12,晴
2023-04-10,26,17,多云
2023-04-11,24,13,多云
2023-04-12,22,13,晴
2023-04-13,22,16,多云~小雨
2023-04-14,23,15,多云~阴
2023-04-15,23,15,多云~小雨
2023-04-16,27,16,多云~晴
2023-04-17,25,19,晴~多云
2023-04-18,30,18,多云~中雨
2023-04-19,23,16,多云
2023-04-20,22,13,多云
2023-04-21,21,13,多云~晴
2023-04-22,22,14,多云~小雨
2023-04-23,16,13,多云~小雨
2023-04-24,15,12,多云~阴
2023-04-25,16,12,多云
2023-04-26,22,13,多云~晴
2023-04-27,22,16,阴~多云
2023-04-28,28,18,多云~小雨
2023-04-29,18,13,小雨~晴
2023-04-30,24,15,多云~晴
2023-05-01,29,16,晴~多云
2023-05-02,26,18,阴~多云
2023-05-03,27,22,多云~阴
2023-05-04,29,21,小雨~中雨
2023-05-05,25,17,大雨~阴
2023-05-06,21,15,多云~小雨
2023-05-07,17,13,多云~阴
2023-05-08,21,13,多云~晴
2023-05-09,24,13,多云~阴
2023-05-10,23,16,多云~阴
2023-05-11,20,16,多云~阴
2023-05-12,23,17,多云~晴
2023-05-13,27,20,多云
2023-05-14,31,21,多云~晴
2023-05-15,34,21,晴
2023-05-16,30,20,多云~小雨
2023-05-17,21,19,大雨~小雨
2023-05-18,22,18,小雨~阴
2023-05-19,23,18,阴~多云
2023-05-20,24,18,多云~晴
2023-05-21,28,19,多云~小雨
2023-05-22,18,14,小雨~阴
2023-05-23,27,18,多云
2023-05-24,20,17,小雨~晴
2023-05-25,27,21,晴
2023-05-26,28,21,多云~小雨
2023-05-27,26,22,多云~阴
2023-05-28,32,23,多云~小雨
2023-05-29,36,23,多云~小雨
2023-05-30,29,21,多云~阴
2023-05-31,27,22,多云~阴
2023-06-01,29,22,阴
2023-06-02,33,22,多云
2023-06-03,27,20,多云~阴
2023-06-04,26,21,阴~小雨
2023-06-05,26,20,中雨~小雨
2023-06-06,26,20,阵雨~阴
2023-06-07,24,22,阴~小雨
2023-06-08,31,22,多云
2023-06-09,35,23,晴
2023-06-10,34,23,阴~小雨
2023-06-11,29,22,阴
2023-06-12,27,22,阴
2023-06-13,25,21,多云
2023-06-14,31,22,小雨~多云
2023-06-15,31,23,阴~晴
2023-06-16,29,22,阴~小雨
2023-06-17,23,21,小雨~中雨
2023-06-18,24,23,大雨~中雨
2023-06-19,25,24,大雨~小雨
2023-06-20,30,24,多云~阴
2023-06-21,34,24,多云~阴
2023-06-22,32,23,多云~阴
2023-06-23,29,21,阴~暴雨
2023-06-24,23,22,暴雨~大雨
2023-06-25,30,24,多云~小雨
2023-06-26,30,25,多云~小雨
2023-06-27,32,24,多云
2023-06-28,34,26,阴
2023-06-29,29,20,晴
2023-06-30,30,24,中雨到暴雨
2023-07-01,34,27,阴~多云
2023-07-02,35,27,多云~小雨
2023-07-03,34,28,多云~阴
2023-07-04,36,27,多云~小雨
2023-07-05,31,27,多云
2023-07-06,35,28,多云~阴
2023-07-07,36,27,小雨
2023-07-08,28,26,小雨
2023-07-09,31,27,小雨~中雨
2023-07-10,32,28,小雨~阴
2023-07-11,37,28,多云
2023-07-12,38,28,多云
2023-07-13,37,28,多云
2023-07-14,37,29,阴
2023-07-15,36,27,阴~小雨
2023-07-16,31,27,中雨~小雨
2023-07-17,33,26,阴~晴
2023-07-18,34,27,阴~多云
2023-07-19,31,26,阴~中雨
2023-07-20,27,26,暴雨~小雨
2023-07-21,34,28,阴~小雨
2023-07-22,32,27,小雨
2023-07-23,32,26,阴~小雨
2023-07-24,32,27,阴
2023-07-25,34,27,阴~多云
2023-07-26,33,26,阴~小雨
2023-07-27,31,26,小雨~中雨
2023-07-28,29,26,阴~中雨
2023-07-29,28,27,中雨~阴
2023-07-30,33,27,阴~晴
2023-07-31,33,27,阴~小雨
2023-08-01,29,27,中雨~阴
2023-08-02,33,27,阴~小雨
2023-08-03,32,28,阴~多云
2023-08-04,33,28,阴~多云
2023-08-05,34,27,阴~多云
2023-08-06,36,28,阴~多云
2023-08-07,35,27,阴~多云
2023-08-08,34,27,阴~晴
2023-08-09,34,27,小雨~晴
2023-08-10,35,27,阴~多云
2023-08-11,36,28,阴~多云
2023-08-12,36,28,晴
2023-08-13,36,28,阴~小雨
2023-08-14,33,27,阴~小雨
2023-08-15,32,27,阴~多云
2023-08-16,34,27,阴~多云
2023-08-17,34,27,中雨~阴
2023-08-18,32,27,阴~多云
2023-08-19,34,27,阴
2023-08-20,34,28,阴
2023-08-21,35,27,阴
2023-08-22,35,25,中雨
2023-08-23,32,25,暴雨~多云
2023-08-24,33,26,阴
2023-08-25,33,27,阴
2023-08-26,32,24,多云
2023-08-27,31,26,阴
2023-08-28,31,21,中雨到暴风雨
2023-08-29,23,22,大雨到暴雨
2023-08-30,23,20,阴
2023-08-31,27,20,阴转多云
2023-09-01,30,24,阴
2023-09-02,31,25,晴~小雨
2023-09-03,30,25,暴雨~阴
2023-09-04,32,25,阴
2023-09-05,30,25,阴
2023-09-06,32,24,阴~晴
2023-09-07,32,24,阴~晴
2023-09-08,32,23,阴~晴
2023-09-09,31,23,阴~多云
2023-09-10,32,24,多云
2023-09-11,32,25,暴雨~阴
2023-09-12,29,25,中雨~阴
2023-09-13,27,23,小雨
2023-09-14,26,23,小雨
2023-09-15,28,23,中雨
2023-09-16,27,23,阴~晴
2023-09-17,31,24,阴~晴
2023-09-18,33,26,阴~晴
2023-09-19,34,26,阴
2023-09-20,30,23,小雨~多云
2023-09-21,23,21,小雨
2023-09-22,21,20,大雨~小雨
2023-09-23,23,18,小雨
2023-09-24,26,22,小雨~多云
2023-09-25,29,21,阴~多云
2023-09-26,29,24,阴~多云
2023-09-27,30,24,阴~多云
2023-09-28,29,25,阴
2023-09-29,29,23,阴~小雨
2023-09-30,25,19,小雨~晴
2023-10-01,27,20,多云
2023-10-02,26,20,多云
2023-10-03,25,21,阴~多云
2023-10-04,25,20,阴~晴
2023-10-05,24,19,阴~多云
2023-10-06,23,20,阴~小雨
2023-10-07,22,17,小雨
2023-10-08,22,18,阴~多云
2023-10-09,22,18,阴~多云
2023-10-10,23,17,阴~多云
2023-10-11,24,17,晴
2023-10-12,24,18,小雨
2023-10-13,17,15,小雨~多云
2023-10-14,23,15,小雨~晴
2023-10-15,25,15,小雨~晴
2023-10-16,26,17,阴~晴
2023-10-17,26,16,晴
2023-10-18,26,18,阴~晴
2023-10-19,28,16,阴~小雨
2023-10-20,20,13,阴~晴
2023-10-21,22,15,阴~晴
2023-10-22,22,17,阴~晴
2023-10-23,24,18,多云~晴
2023-10-24,27,18,阴~晴
2023-10-25,26,18,阴
2023-10-26,27,18,阴~多云
2023-10-27,23,16,阴~多云
2023-10-28,23,16,多云~晴
2023-10-29,24,17,阴~多云
2023-10-30,24,17,多云~晴
2023-10-31,26,18,阴~晴
2023-11-01,28,19,阴~晴
2023-11-02,26,19,晴
2023-11-03,28,21,阴
2023-11-04,26,20,小雨~晴
2023-11-05,28,13,阴~小雨
2023-11-06,18,10,阴~晴
2023-11-07,19,14,阴~晴
2023-11-08,21,16,阴
2023-11-09,21,13,中雨~小雨
2023-11-10,15,12,小雨~阴
2023-11-11,15,9,阴~小雨
2023-11-12,12,7,阴~多云
2023-11-13,12,8,阴~晴
2023-11-14,15,7,晴
2023-11-15,16,10,多云~小雨
2023-11-16,13,6,阴~晴
2023-11-17,15,5,晴
2023-11-18,13,5,多云~晴
2023-11-19,18,8,晴
2023-11-20,19,9,晴
2023-11-21,20,13,晴
2023-11-22,22,12,阴
2023-11-23,20,7,晴~多云
2023-11-24,12,9,晴~多云
2023-11-25,14,10,晴~阴
2023-11-26,16,11,阴~晴
2023-11-27,17,8,晴
2023-11-28,16,10,晴~阴
2023-11-29,20,7,晴~阴
2023-11-30,10,4,阴~多云
2023-12-01,9,3,晴~阴
2023-12-02,12,5,阴~晴
2023-12-03,13,6,多云
2023-12-04,13,7,阴~晴
2023-12-05,15,8,晴~阴
2023-12-06,17,6,阴~晴
2023-12-07,18,11,晴
2023-12-08,21,14,晴~阴
2023-12-09,22,14,阴~多云
2023-12-10,18,14,小雨
2023-12-11,13,6,小雨
2023-12-12,7,6,阴
2023-12-13,14,13,阴
2023-12-14,22,10,多云~小雨
2023-12-15,9,0,小雨~雨夹雪
2023-12-16,2,-3,阴~晴
2023-12-17,2,0,晴~阴
2023-12-18,5,4,小雨~中雨
2023-12-19,5,0,小雨~晴
2023-12-20,4,-2,多云~晴
2023-12-21,0,-4,晴
2023-12-22,0,-1,晴~阴
2023-12-23,3,-1,阴~晴
2023-12-24,6,-1,晴
2023-12-25,7,1,晴~多云
2023-12-26,10,6,阴
2023-12-27,14,4,阴~晴
2023-12-28,14,7,晴~阴
2023-12-29,12,8,晴~多云
2023-12-30,11,5,阴~晴
2023-12-31,8,3,晴
2024-01-01,8,3,多云
2024-01-02,11,4,多云~阴
2024-01-03,10,3,晴
2024-01-04,11,4,晴
2024-01-05,14,8,多云~小雨
2024-01-06,13,0,阴~晴
2024-01-07,5,0,阴~晴
2024-01-08,9,6,阴~多云
2024-01-09,13,3,阴~多云
2024-01-10,7,0,多云
2024-01-11,11,4,晴
2024-01-12,16,6,晴
2024-01-13,16,8,晴
2024-01-14,20,4,晴~小雨
2024-01-15,7,4,多云~晴
2024-01-16,11,8,多云~晴
2024-01-17,18,7,晴~阴
2024-01-18,9,8,小雨
2024-01-19,9,6,小雨~中雨
2024-01-20,6,4,小雨~阴
2024-01-21,5,0,阴
2024-01-22,1,-2,阴
2024-01-23,0,-2,晴
2024-01-24,4,-1,晴~多云
2024-01-25,6,0,多云~晴
2024-01-26,8,1,阴
2024-01-27,7,2,阴~晴
2024-01-28,10,3,晴
2024-01-29,11,8,阴~小雨
2024-01-30,10,7,小雨
2024-01-31,12,8,小雨
2024-02-01,9,5,小雨
2024-02-02,6,4,阴~小雨
2024-02-03,6,4,小雨
2024-02-04,6,3,中雨~小雨
2024-02-05,3,0,阴
2024-02-06,3,2,阴
2024-02-07,5,0,阴~多云
2024-02-08,7,1,多云~阴
2024-02-09,9,3,晴
2024-02-10,14,4,晴~小雨
2024-02-11,15,6,晴
2024-02-12,15,8,阴
2024-02-13,19,11,阴~小雨
2024-02-14,22,8,阴~多云
2024-02-15,10,2,小雨~阴
2024-02-16,11,5,晴
2024-02-17,15,12,阴~晴
2024-02-18,22,13,阴~小雨
2024-02-19,22,8,阴~小雨
2024-02-20,9,8,小雨~中雨
2024-02-21,7,3,大雨~小雨
2024-02-22,2,1,雨夹雪
2024-02-23,2,1,雨夹雪
2024-02-24,2,0,雨夹雪~阴
2024-02-25,3,1,小雪~阴
2024-02-26,8,4,多云
2024-02-27,9,4,晴~小雨
2024-02-28,9,7,中雨~小雨
2024-02-29,6,3,中雨~小雨
2024-03-01,6,0,阴
2024-03-02,9,3,多云~晴
2024-03-03,14,8,晴~小雨
2024-03-04,11,10,小雨
2024-03-05,12,6,小雨
2024-03-06,11,4,阴
2024-03-07,12,5,多云~晴
2024-03-08,12,4,阴~晴
2024-03-09,13,5,晴
2024-03-10,14,8,晴~小雨
2024-03-11,15,7,小雨~晴
2024-03-12,16,5,阴
2024-03-13,14,8,多云~阴
2024-03-14,14,9,阴~多云
2024-03-15,18,12,多云~阴
2024-03-16,19,12,阴
2024-03-17,14,8,阴
2024-03-18,11,7,阴
2024-03-19,18,5,多云~晴
2024-03-20,18,7,晴~多云
2024-03-21,20,11,晴
2024-03-22,24,16,多云~小雨
2024-03-23,23,15,阴~小雨
2024-03-24,21,15,小雨
2024-03-25,21,11,阴~小雨
2024-03-26,15,8,阴~多云
2024-03-27,17,12,阴~中雨
2024-03-28,15,11,小雨~多云
2024-03-29,27,15,阴
2024-03-30,29,13,阴
2024-03-31,18,11,雾~晴
2024-04-01,24,15,多云~中雨
2024-04-02,21,19,小雨~中雨
2024-04-03,20,12,阴
2024-04-04,18,12,阴~小雨
2024-04-05,19,12,晴~小雨
2024-04-06,17,12,阴~晴
2024-04-07,15,12,小雨
2024-04-08,13,11,小雨~阴
2024-04-09,23,11,小雨~多云
2024-04-10,22,14,雾~阴
2024-04-11,23,16,阴~小雨
2024-04-12,17,15,中雨~小雨
2024-04-13,19,15,雾~小雨
2024-04-14,23,17,雾~小雨
2024-04-15,27,16,雾~阴
2024-04-16,26,14,雾~小雨
2024-04-17,15,11,大雨~阴
2024-04-18,23,14,雾~阴
2024-04-19,22,16,阴~中雨
2024-04-20,23,15,阴
2024-04-21,20,15,阴~小雨
2024-04-22,22,14,阴~小雨
2024-04-23,21,15,小雨~阴
2024-04-24,27,16,晴~阴
2024-04-25,25,14,阴~小雨
2024-04-26,19,16,阴
2024-04-27,20,17,阴
2024-04-28,20,17,小雨
2024-04-29,22,14,阴
2024-04-30,18,13,中雨~小雨
2024-05-01,22,14,阴~多云
2024-05-02,20,16,阴~多云
2024-05-03,23,15,多云~阴
2024-05-04,19,17,阴~中雨
2024-05-05,21,17,小雨
2024-05-06,26,17,阴~多云
2024-05-07,27,16,阴~晴
2024-05-08,24,14,晴~多云
2024-05-09,23,17,阴
2024-05-10,26,19,晴~小雨
2024-05-11,24,18,中雨
2024-05-12,22,16,阴~多云
2024-05-13,27,17,阴~晴
2024-05-14,27,15,晴
2024-05-15,27,14,阴~晴
2024-05-16,27,17,晴
2024-05-17,29,20,晴
2024-05-18,29,19,多云~晴
2024-05-19,28,20,阴
2024-05-20,27,20,阴
2024-05-21,26,20,阴~多云
2024-05-22,27,19,阴~多云
2024-05-23,27,20,阴
2024-05-24,29,21,阴
2024-05-25,25,22,阴
2024-05-26,34,21,小雨~阴
2024-05-27,22,17,小雨~阴
2024-05-28,27,18,晴~阴
2024-05-29,27,19,阴~多云
2024-05-30,26,20,阴~小雨
2024-05-31,21,19,轻度雾霾
2024-06-01,25,19,多云
2024-06-02,28,20,多云~阴
2024-06-03,32,21,多云~阴
2024-06-04,28,20,多云~阴
2024-06-05,23,19,小雨
2024-06-06,23,19,小雨~阴
2024-06-07,25,20,阴
2024-06-08,29,21,阴
2024-06-09,31,22,阴
2024-06-10,24,21,阴
2024-06-11,23,22,雾~阴
2024-06-12,28,22,阴~晴
2024-06-13,30,23,多云~阴
2024-06-14,30,23,阴
2024-06-15,32,23,多云
2024-06-16,33,22,多云~小雨
2024-06-17,29,22,小雨~晴
2024-06-18,29,22,多云~小雨
2024-06-19,25,24,中雨~大雨
2024-06-20,28,25,中雨~小雨
2024-06-21,27,25,中雨~小雨
2024-06-22,30,25,小雨
2024-06-23,26,21,小雨
2024-06-24,28,22,阴~小雨
2024-06-25,24,22,中雨~大雨
2024-06-26,24,22,中雨~大雨
2024-06-27,24,23,中雨
2024-06-28,27,24,小雨~中雨
2024-06-29,31,25,阴~中雨
2024-06-30,28,24,阴
2024-07-01,30,26,小雨~阴
2024-07-02,35,26,阴~小雨
2024-07-03,36,28,阴~晴
2024-07-04,38,29,晴
2024-07-05,38,28,晴~多云
2024-07-06,38,29,阴
2024-07-07,39,30,多云~阴
2024-07-08,38,29,阴~多云
2024-07-09,35,28,阴
2024-07-10,33,24,阴~中雨
2024-07-11,27,23,中雨~大雨
2024-07-12,26,25,中雨
2024-07-13,30,26,小雨
2024-07-14,31,27,多云~中雨
2024-07-15,32,27,阴
2024-07-16,36,28,阴~多云
2024-07-17,35,28,阴~多云
2024-07-18,38,30,阴~多云
2024-07-19,39,29,阴~多云
2024-07-20,38,29,阴
2024-07-21,37,29,阴
2024-07-22,37,29,阴~多云
2024-07-23,36,29,多云
2024-07-24,35,28,阴~小雨
2024-07-25,33,28,阴~小雨
2024-07-26,32,27,小雨
2024-07-27,34,28,阴~多云
2024-07-28,35,28,阴~晴
2024-07-29,35,28,晴
2024-07-30,35,28,阴~晴
2024-07-31,38,28,晴
2024-08-01,40,30,多云~晴
2024-08-02,40,31,多云~晴
2024-08-03,39,29,中雨~晴
2024-08-04,40,29,多云~晴
2024-08-05,37,28,多云~晴
2024-08-06,37,29,多云~晴
2024-08-07,38,29,多云
2024-08-08,37,27,暴雨~阴
2024-08-09,38,29,阴~多云
2024-08-10,37,29,阴~晴
2024-08-11,38,28,阴~晴
2024-08-12,35,28,小雨
2024-08-13,35,28,阴~多云
2024-08-14,35,27,阴~晴
2024-08-15,34,27,阴~多云
2024-08-16,35,27,阴~多云
2024-08-17,35,28,小雨~阴
2024-08-18,33,28,中雨~多云
2024-08-19,35,29,多云
2024-08-20,35,29,阴
2024-08-21,34,27,阴~小雨
2024-08-22,35,28,阴~多云
2024-08-23,37,27,阴~多云
2024-08-24,36,28,多云~晴
2024-08-25,35,28,阴~晴
2024-08-26,36,28,阴
2024-08-27,36,26,阴~小雨
2024-08-28,34,27,小雨~阴
2024-08-29,35,27,阴~多云
2024-08-30,35,28,阴~晴
2024-08-31,33,27,晴
2024-09-01,36,28,阴~晴
2024-09-02,36,27,阴~小雨
2024-09-03,29,26,中雨~小雨
2024-09-04,34,27,阴~多云
2024-09-05,35,27,阴
2024-09-06,33,27,阴~多云
2024-09-07,34,27,阴~多云
2024-09-08,35,27,多云
2024-09-09,35,27,阴~多云
2024-09-10,31,27,中雨
2024-09-11,31,27,小雨
2024-09-12,33,27,多云
2024-09-13,34,27,晴~多云
2024-09-14,34,27,阴
2024-09-15,32,27,阴~大雨
2024-09-16,27,26,阴~小雨
2024-09-17,32,27,阴~小雨
2024-09-18,33,26,阴~晴
2024-09-19,31,26,阴~中雨
2024-09-20,28,25,阴~中雨
2024-09-21,26,22,阴
2024-09-22,26,20,阴
2024-09-23,27,22,多云~小雨
2024-09-24,22,21,中雨~阴
2024-09-25,24,23,中雨~多云
2024-09-26,29,23,阴
2024-09-27,30,22,阴~晴
2024-09-28,29,24,多云
2024-09-29,30,24,阴~多云
2024-09-30,29,24,晴转小雨
2024-10-01,24,18,小雨~阴
2024-10-02,23,17,多云~阴
2024-10-03,24,18,阴
2024-10-04,24,20,阴~小雨
2024-10-05,23,20,小雨~暴雨
2024-10-06,20,18,小雨
2024-10-07,20,16,小雨~阴
2024-10-08,23,15,多云~晴
2024-10-09,23,15,阴~晴
2024-10-10,24,17,多云
2024-10-11,25,18,多云~阴
2024-10-12,26,20,多云
2024-10-13,26,21,阴~小雨
2024-10-14,27,20,阴~小雨
2024-10-15,22,20,中雨~阴
2024-10-16,24,21,小雨
2024-10-17,26,21,多云
2024-10-18,31,19,多云
2024-10-19,20,16,小雨~阴
2024-10-20,19,18,阴
2024-10-21,23,18,多云~阴
2024-10-22,21,14,多云
2024-10-23,19,14,多云~晴
2024-10-24,20,17,阴~晴
2024-10-25,23,20,阴~小雨
2024-10-26,22,21,中雨~小雨
2024-10-27,21,15,中雨~阴
2024-10-28,20,13,多云~阴
2024-10-29,20,15,多云~阴
2024-10-30,22,17,阴
2024-10-31,21,18,阴转小雨
2024-11-01,20,17,暴雨~小雨
2024-11-02,22,13,多云~阴
2024-11-03,24,15,多云
2024-11-04,23,14,多云
2024-11-05,19,11,多云~晴
2024-11-06,18,12,晴
2024-11-07,17,13,阴
2024-11-08,20,17,阴
2024-11-09,22,16,阴~小雨
2024-11-10,18,14,小雨~晴
2024-11-11,21,14,多云~晴
2024-11-12,21,16,晴
2024-11-13,22,17,多云~阴
2024-11-14,22,19,小雨
2024-11-15,22,18,小雨~阴
2024-11-16,21,15,多云~小雨
2024-11-17,16,11,阴
2024-11-18,15,11,阴
2024-11-19,15,11,阴~多云
2024-11-20,15,9,阴~晴
2024-11-21,15,9,晴
2024-11-22,16,10,多云~阴
2024-11-23,16,11,晴~多云
2024-11-24,17,12,阴~小雨
2024-11-25,18,8,阴~小雨
2024-11-26,12,5,多云~晴
2024-11-27,12,5,晴
2024-11-28,14,5,晴
2024-11-29,14,6,晴
2024-11-30,16,4,晴
2024-12-01,18,9,晴
2024-12-02,20,10,晴
2024-12-03,16,9,多云~阴
2024-12-04,14,9,阴
2024-12-05,11,7,多云
2024-12-06,12,8,多云
2024-12-07,13,4,多云~阴
2024-12-08,9,5,晴
2024-12-09,11,8,阴
2024-12-10,10,6,小雨~中雨
2024-12-11,7,6,小雨~阴
2024-12-12,11,5,多云
2024-12-13,10,3,多云~晴
2024-12-14,7,1,晴
2024-12-15,8,2,晴
2024-12-16,11,3,晴
2024-12-17,13,4,多云~晴
2024-12-18,9,2,多云~阴
2024-12-19,7,3,多云~晴
2024-12-20,10,3,晴
2024-12-21,8,2,多云
2024-12-22,7,3,多云~阴
2024-12-23,9,5,阴
2024-12-24,11,5,晴
2024-12-25,13,5,阴~多云
2024-12-26,11,3,多云~晴
2024-12-27,9,1,阴~晴
2024-12-28,6,0,晴
2024-12-29,9,3,晴
2024-12-30,11,3,多云~晴
2024-12-31,10,2,多云~晴
2025-01-01,12,5,晴
2025-01-02,14,4,晴
2025-01-03,11,4,多云
2025-01-04,13,3,晴
2025-01-05,14,8,轻度雾霾
2025-01-06,11,5,晴
2025-01-07,8,2,阴
2025-01-08,11,-1,多云
2025-01-09,5,1,多云
2025-01-10,5,-1,多云
2025-01-11,6,-1,多云
2025-01-12,10,-1,多云
2025-01-13,13,4,晴
2025-01-14,16,8,轻度雾霾
2025-01-15,7,2,晴
2025-01-16,8,1,多云
2025-01-17,10,2,晴
2025-01-18,12,5,多云
2025-01-19,15,6,晴
2025-01-20,13,6,中度雾霾
2025-01-21,15,6,轻度雾霾
2025-01-22,16,9,多云
2025-01-23,12,10,阴
2025-01-24,14,9,阴
2025-01-25,10,9,阴
2025-01-26,9,5,小雨
2025-01-27,6,1,多云
2025-01-28,7,0,晴
2025-01-29,8,1,晴
2025-01-30,13,4,多云
2025-01-31,14,9,中雨
2025-02-01,10,7,小雨
2025-02-02,9,5,阴
2025-02-03,8,3,多云
2025-02-04,9,2,多云
2025-02-05,12,2,多云
2025-02-06,9,2,多云
2025-02-07,6,-2,晴
2025-02-08,1,-4,晴
2025-02-09,4,-1,晴
2025-02-10,10,0,多云
2025-02-11,12,5,小雨
2025-02-12,12,4,阴
2025-02-13,10,3,晴
2025-02-14,9,4,小雨
2025-02-15,8,6,小雨
2025-02-16,15,5,轻度雾霾
2025-02-17,9,5,多云
2025-02-18,10,4,多云
2025-02-19,10,5,阴
2025-02-20,9,4,阴
2025-02-21,8,4,多云
2025-02-22,8,4,阴
2025-02-23,7,3,阴
2025-02-24,8,2,晴
2025-02-25,8,3,阴
2025-02-26,14,5,轻度雾霾
2025-02-27,17,8,轻度雾霾
2025-02-28,19,10,多云
2025-03-01,26,13,多云
2025-03-02,27,12,多云
2025-03-03,15,8,小雨
2025-03-04,8,6,小雨转阴
2025-03-05,9,6,阴
2025-03-06,11,5,多云
2025-03-07,11,5,阴
2025-03-08,13,5,多云
2025-03-09,14,6,多云
2025-03-10,13,10,小雨
2025-03-11,18,10,阴
2025-03-12,13,11,中雨
2025-03-13,10,8,小雨
2025-03-14,11,9,小雨
2025-03-15,9,8,小雨转阴
2025-03-16,10,6,晴
2025-03-17,13,2,多云
2025-03-18,12,5,多云
2025-03-19,14,3,多云
2025-03-20,20,6,晴
2025-03-21,24,9,晴
2025-03-22,25,12,晴
2025-03-23,28,13,小雨
2025-03-24,28,14,晴
2025-03-25,30,16,晴
2025-03-26,32,17,晴
2025-03-27,21,10,阴
2025-03-28,10,6,小雨
2025-03-29,12,6,小雨
2025-03-30,12,8,晴
2025-03-31,13,6,阴
2025-04-01,15,8,多云
2025-04-02,19,6,阴
2025-04-03,19,9,多云
2025-04-04,19,8,多云
2025-04-05,25,12,阴
2025-04-06,24,12,晴
2025-04-07,26,13,多云
2025-04-08,29,15,多云
2025-04-09,31,17,多云
2025-04-10,27,16,小雨
2025-04-11,29,14,多云
2025-04-12,20,10,中雨
2025-04-13,20,9,晴
2025-04-14,21,14,晴
2025-04-15,26,13,晴
2025-04-16,29,16,阴
2025-04-17,30,19,阴
2025-04-18,30,18,晴
2025-04-19,30,17,小雨
2025-04-20,23,16,阴
2025-04-21,24,14,小雨
2025-04-22,21,15,小雨
2025-04-23,26,15,多云
2025-04-24,27,15,多云
2025-04-25,21,13,多云
2025-04-26,24,12,多云
2025-04-27,22,15,阴
2025-04-28,24,15,晴
2025-04-29,27,14,多云
2025-04-30,28,18,阴
2025-05-01,29,19,小雨
2025-05-02,28,16,多云
2025-05-03,28,16,阴
2025-05-04,22,15,阴
2025-05-05,19,16,中雨
2025-05-06,29,16,阴
2025-05-07,26,15,多云
2025-05-08,23,16,中雨
2025-05-09,24,19,中雨
2025-05-10,25,18,多云
2025-05-11,26,17,多云
2025-05-12,30,17,晴
2025-05-13,28,19,多云
2025-05-14,32,20,多云
2025-05-15,34,22,阴
2025-05-16,26,22,小雨
2025-05-17,34,21,多云
2025-05-18,24,18,阴
2025-05-19,33,20,多云
2025-05-20,31,22,小雨
2025-05-21,31,23,中雨
2025-05-22,29,22,多云
2025-05-23,22,18,大雨
2025-05-24,25,19,晴
2025-05-25,24,17,阴
2025-05-26,27,17,多云
2025-05-27,26,18,阴
2025-05-28,24,19,阴
2025-05-29,27,19,晴
2025-05-30,29,19,多云
2025-05-31,27,20,阴
2025-06-01,20,16,中雨
2025-06-02,22,20,小雨
2025-06-03,29,18,多云
2025-06-04,34,21,多云
2025-06-05,33,23,多云
2025-06-06,32,23,多云
2025-06-07,28,24,中雨
2025-06-08,24,20,大雨
2025-06-09,23,21,阴
2025-06-10,23,20,中雨
2025-06-11,24,21,小雨
2025-06-12,25,19,小雨
2025-06-13,28,23,小雨
2025-06-14,34,23,小雨
2025-06-15,27,24,小雨
2025-06-16,34,21,多云
2025-06-17,37,25,多云
2025-06-18,35,26,多云
2025-06-19,33,26,小雨
2025-06-20,35,26,小雨
2025-06-21,36,22,中雨
2025-06-22,23,22,大雨
2025-06-23,22,22,小雨
2025-06-24,26,20,中雨
2025-06-25,31,21,阴
2025-06-26,36,23,阴
2025-06-27,39,26,多云
2025-06-28,36,27,晴
2025-06-29,36,26,多云
2025-06-30,35,27,多云
2025-07-01,36,28,多云
2025-07-02,35,28,阴
2025-07-03,35,27,晴
2025-07-04,36,26,多云
2025-07-05,38,27,多云
2025-07-06,37,27,多云
2025-07-07,34,27,阴
2025-07-08,33,27,多云
2025-07-09,33,27,晴
2025-07-10,32,27,小雨
2025-07-11,29,26,小雨
2025-07-12,30,26,多云
2025-07-13,28,26,小雨
2025-07-14,34,24,小雨
2025-07-15,36,24,阴
2025-07-16,37,27,阴
2025-07-17,35,28,小雨
2025-07-18,34,27,多云
2025-07-19,31,27,阴
2025-07-20,32,27,多云
2025-07-21,33,27,多云
2025-07-22,32,26,小雨
2025-07-23,32,27,多云
2025-07-24,32,27,晴
2025-07-25,30,27,小雨
2025-07-26,31,27,小雨
2025-07-27,30,27,小雨
2025-07-28,29,26,小雨
2025-07-29,31,27,中雨
2025-07-30,28,26,大雨
2025-07-31,29,25,阴
2025-08-01,34,26,多云
2025-08-02,33,28,阴
2025-08-03,35,29,多云
2025-08-04,35,28,晴
2025-08-05,34,28,多云
2025-08-06,34,29,小雨
2025-08-07,32,29,中雨
2025-08-08,34,29,阴
2025-08-09,36,30,阴
2025-08-10,35,29,阴
2025-08-11,33,27,小雨
2025-08-12,35,28,小雨
2025-08-13,34,28,阴
2025-08-14,34,28,多云
2025-08-15,35,28,晴
2025-08-16,35,27,晴
2025-08-17,35,28,多云
2025-08-18,35,28,多云
2025-08-19,36,28,晴
2025-08-20,37,28,晴
2025-08-21,37,27,晴
2025-08-22,38,29,晴
2025-08-23,37,29,晴
2025-08-24,38,29,多云
2025-08-25,37,29,中雨
2025-08-26,37,28,小雨
2025-08-27,35,28,多云
2025-08-28,35,28,多云
2025-08-29,35,27,多云
2025-08-30,35,28,多云
2025-08-31,36,28,小雨
2025-09-01,32,27,小雨
2025-09-02,31,26,中雨
2025-09-03,34,27,小雨
2025-09-04,34,27,小雨
2025-09-05,35,27,晴
2025-09-06,36,28,小雨
2025-09-07,37,28,多云
2025-09-08,36,28,小雨
2025-09-09,33,27,中雨
2025-09-10,29,26,多云
2025-09-11,32,26,多云
2025-09-12,34,26,小雨
2025-09-13,33,27,中雨
2025-09-14,31,26,小雨
2025-09-15,33,26,小雨
2025-09-16,34,27,晴
2025-09-17,35,26,小雨
2025-09-18,28,25,小雨
2025-09-19,30,24,小雨
2025-09-20,28,24,小雨
2025-09-21,28,24,多云
2025-09-22,29,24,晴
2025-09-23,31,26,小雨
2025-09-24,31,26,小雨
2025-09-25,32,27,小雨
2025-09-26,33,26,小雨
2025-09-27,33,25,小雨
2025-09-28,34,26,多云
2025-09-29,29,24,小雨
2025-09-30,27,23,小雨
2025-10-01,28,22,多云
2025-10-02,29,24,大雨
2025-10-03,31,25,小雨
2025-10-04,30,23,多云
2025-10-05,33,25,晴
2025-10-06,33,25,晴
2025-10-07,30,25,多云
2025-10-08,28,23,晴
2025-10-09,30,22,晴
2025-10-10,30,24,晴
2025-10-11,33,23,晴
2025-10-12,33,24,晴
2025-10-13,34,25,多云
2025-10-14,27,23,阴
2025-10-15,28,23,小雨
2025-10-16,26,22,小雨
2025-10-17,28,22,多云
2025-10-18,25,21,小雨
2025-10-19,21,19,阴
2025-10-20,19,18,阴
2025-10-21,19,17,阴
2025-10-22,21,17,多云
2025-10-23,21,17,晴
2025-10-24,21,17,晴
2025-10-25,22,17,多云
2025-10-26,21,17,阴
2025-10-27,19,14,多云
2025-10-28,20,14,多云
2025-10-29,22,16,多云
2025-10-30,23,18,中雨
2025-10-31,22,17,阴
2025-11-01,21,15,轻度雾霾
2025-11-02,21,14,轻度雾霾
2025-11-03,18,12,阴
2025-11-04,18,14,阴
2025-11-05,22,15,多云
2025-11-06,23,19,小雨
2025-11-07,21,18,中雨
2025-11-08,22,19,小雨
2025-11-09,20,17,阴
2025-11-10,19,15,多云
2025-11-11,19,14,阴
2025-11-12,19,15,阴
2025-11-13,20,14,晴
2025-11-14,19,13,晴
2025-11-15,20,11,晴
2025-11-16,23,13,多云
2025-11-17,17,9,阴
2025-11-18,10,5,多云
2025-11-19,12,4,多云
2025-11-20,14,5,晴
2025-11-21,16,6,晴
2025-11-22,18,7,轻度雾霾
2025-11-23,20,10,轻度雾霾
2025-11-24,20,13,轻度雾霾
2025-11-25,13,7,晴
2025-11-26,16,5,晴
2025-11-27,13,7,晴
2025-11-28,15,4,晴
2025-11-29,21,9,晴
2025-11-30,22,9,轻度雾霾
2025-12-01,17,12,多云
2025-12-02,15,11,多云
2025-12-03,11,4,多云
2025-12-04,11,2,多云
2025-12-05,13,6,多云
2025-12-06,17,8,晴
2025-12-07,19,9,晴
2025-12-08,15,8,晴
2025-12-09,15,7,多云
2025-12-10,18,10,阴
2025-12-11,19,11,多云
2025-12-12,13,9,阴
2025-12-13,10,5,小雨
2025-12-14,9,1,晴
2025-12-15,12,1,晴
2025-12-16,17,8,多云
2025-12-17,14,7,轻度雾霾
2025-12-18,15,5,晴
2025-12-19,20,12,晴
2025-12-20,21,11,轻度雾霾
2025-12-21,11,5,小雨
2025-12-22,11,6,多云
2025-12-23,18,10,多云
2025-12-24,10,8,小雨
2025-12-25,9,4,多云
2025-12-26,7,1,多云
2025-12-27,11,2,晴
2025-12-28,15,3,轻度雾霾
2025-12-29,16,5,多云
2025-12-30,13,7,多云
2025-12-31,10,7,多云
